,train_acc,train_loss,valid_acc,valid_loss
0,0.9988904773081273,0.0038135354635269888,0.99983879418047,0.0007568721358210307
