,train_acc,train_loss,valid_acc,valid_loss
0,0.9958675374178076,0.013550902262629406,0.9991819542590594,0.0027472182006850043
