,train_acc,train_loss,valid_acc,valid_loss
0,0.9802023576445461,0.05336927062860743,0.999936106319085,0.00029325928683776294
1,0.9987540902805351,0.004695302591163348,1.0,7.772906852460785e-05
2,0.9992332863264831,0.0037928357278976927,0.999936106319085,0.0002736334055562912
3,0.9992880515888771,0.0030899976061551176,1.0,5.9886586083963664e-05
4,1.0,5.038535546676831e-05,1.0,1.538479648345044e-05
