,train_acc,train_loss,valid_acc,valid_loss
0,0.9818175452519052,0.050076003502920324,0.9999455367354719,0.0006825513058339381
1,0.9991714028965888,0.003452826998613531,0.9998910734709439,0.0005522556844230604
