,train_acc,train_loss,valid_acc,valid_loss
0,0.9940695143007282,0.0202666405421713,0.9994395011560289,0.002331843217933881
1,0.999594625028151,0.0019073606262114344,0.9998598752890072,0.0005613537561443724
