,train_acc,train_loss,valid_acc,valid_loss
0,0.9918887601390498,0.025707663050923,0.997422032193159,0.0098384839842484
1,0.9984100891966908,0.0061060633940403,0.9979879275653925,0.0082624343712441
2,0.9990568325743081,0.003892944736765435,0.9981136820925554,0.005741413059782686
