,train_acc,train_loss,valid_acc,valid_loss
0,0.9988620280083357,0.003646076771722706,0.997984927255874,0.007593254079664614
