,train_acc,train_loss,valid_acc,valid_loss
0,0.4996140789464697,0.0031336486298150098,0.49988388295401764,0.0004953530798979375
1,0.499682383557714,0.002156655189887308,0.49986453011302057,0.0010403027264656271
