,train_acc,train_loss,valid_acc,valid_loss
0,0.9990703063946752,0.003464055602251902,0.9988053319919518,0.004769958519215839
1,0.9991646231372443,0.0031216318043889575,0.9993083501006036,0.005144058969951852
2,0.9993802042631168,0.0025942319346966606,0.9986167002012073,0.007758039001294401
3,0.9993936780834838,0.002554781963332435,0.9986167002012073,0.007031271722370087
4,0.9996631544908243,0.0013076713997263285,0.9989310865191147,0.00698377669361945
